hscode,hscode_desc,val_01,vol_01,val_02,vol_02,val_03,vol_03,val_04,vol_04,val_05,vol_05,val_06,vol_06,val_07,vol_07,val_08,vol_08,val_09,vol_09,val_10,vol_10,val_11,vol_11,val_12,vol_12,value,volume,share_val,share_weight
301111000,"Live freshwater ornamental fish, fry","273,794","4,247","309,116","5,383","263,628","4,060","434,843","4,207","262,996","3,904","276,146","4,078","279,010","3,916","289,400","4,249","276,360","2,902","299,340","5,035","306,743","4,185","316,493","4,863","3,587,869","51,029",0.12,0.01
301119100,Koi carp (Cyprinus carpio),"5,724",56,"5,210",33,"2,592",46,"1,466",8,561,10,"2,911",353,966,12,"1,150",19,"1,196",14,"1,235",112,809,11,832,2,"24,652",676,0,0
301119300,Siamese fighting fish (Beta splendens),"1,150",79,"2,265",121,"1,823",95,"1,731",129,"1,912",191,"1,201",90,"3,458",189,"4,114",307,"2,040",280,888,72,"4,035",241,828,63,"25,445","1,857",0,0
301119400,Oscars (Astonotus ocellatus),0,0,0,0,0,0,0,0,0,0,0,0,0,0,0,0,63,85,0,0,123,42,0,0,186,127,0,0
301119510,Red arowanes,"180,896","1,614","201,396","2,084","479,222","3,098","275,280","3,775","369,051","4,729","408,775","3,981","339,205","3,767","476,001","3,928","440,298","3,963","381,287","3,471","466,383","5,347","342,835","4,088","4,360,629","43,845",0.15,0.01
301119590,"Arowanes, than not red","72,681","1,401","75,446","1,096","202,135","2,734","149,525","1,770","140,455","1,746","136,908","1,583","92,921","1,519","146,707","2,076","120,731","1,315","171,460","1,633","111,280","1,479","165,703","1,303","1,585,952","19,655",0.05,0
301119910,Botia (Botia macracantha),"44,671","3,124","40,966","2,987","39,917","4,705","31,800","2,731","31,041","2,038","37,886","2,688","32,599","3,092","45,605","2,237","33,118","2,503","36,003","2,594","44,355","2,787","46,671","2,162","464,632","33,648",0.02,0
301119920,Discus (Symphisodon discus),"5,419","6,751","4,523","5,477","2,850","6,537","4,572","6,222","2,437","4,181","7,457","5,428","7,302","3,485","6,738","4,701","5,365","5,082","5,607","4,230","7,422","5,617","5,491","2,865","65,183","60,576",0,0.01
301119990,"Other freshwater ornamental fish, live","586,897","35,716","582,418","38,061","631,200","38,094","579,694","46,537","547,136","41,799","510,022","41,022","428,348","35,646","575,335","44,666","620,288","46,517","628,099","49,399","568,696","47,949","587,029","44,177","6,845,162","509,583",0.24,0.07
301191000,"Live marine ornamental fish, fry",0,0,0,0,518,"2,020",726,"1,879",0,0,0,0,0,0,0,0,0,0,0,0,0,0,0,0,"1,244","3,899",0,0
301199000,"Live marine ornamental fish,","553,076","82,441","541,803","80,175","714,566","107,734","738,173","70,007","698,755","63,442","542,923","71,367","446,270","52,197","626,810","64,361","584,788","61,207","655,920","68,445","871,752","75,963","705,676","75,050","7,680,512","872,389",0.26,0.13
301910000,"Live Trout (Salmo trutta,Oncorhynchus",0,0,0,0,0,0,0,0,0,0,0,0,0,0,46,5,0,0,0,0,0,0,0,0,46,5,0,0
301920000,Live eels (Anguilla spp.),"1,042,698","521,495","1,399,589","706,709","1,207,245","558,855","872,111","436,841","580,761","266,626","400,336","170,285","109,349","35,335","66,448","19,498","31,851","15,698","339,917","117,040","634,450","254,288","1,111,942","490,245","7,796,697","3,592,915",0.27,0.52
301939000,"Live carp, other than breeding","12,276","1,992","10,259","4,437",824,200,"3,441",435,"4,725","1,087","8,584","1,387","9,727","1,194","8,487","1,083","7,795","1,462","6,832","1,200","8,147","1,457","10,171","1,829","91,268","17,763",0,0
301991100,"Live fry milkfish or lapu-lapu, breeding","108,621","7,262","226,189","3,722","719,908","26,709","734,948","24,161","804,172","29,539","357,684","25,176","164,866","12,041","101,732","8,138","82,537","5,552","91,160","10,870","140,886","14,882","101,614","15,469","3,634,317","183,521",0.13,0.03
301991900,"Live fry milkfish or lapu-lapu,","38,063","25,109","228,657","139,995","267,532","1,486","116,479","18,741","110,842","18,756","79,109","16,413","5,383",84,"4,923",38,"3,180",338,"165,323","17,103","23,110","1,065","109,080","15,088","1,151,681","254,216",0.04,0.04
301992100,"Other live fry fish, for breeding",0,0,"1,110",29,738,48,0,0,0,0,750,75,0,0,0,0,0,0,0,0,0,0,0,0,"2,598",152,0,0
301992900,"Other live fry fish, for other than",0,0,101,60,0,0,32,108,0,0,0,0,0,0,0,0,541,150,"2,145",850,"2,051",420,"2,472","7,085","7,342","8,673",0,0
301993100,"Milkfish, breeding",183,26,0,0,240,30,800,800,"21,400","15,530",0,0,0,0,"1,000","1,000",300,"2,500",0,0,160,26,19,81,"24,102","19,993",0,0
301993910,Live kerapu (Cromilepte altiveli;,"2,989,636","371,324","2,426,449","313,214","2,394,123","284,690","2,001,912","277,956","1,805,219","247,178","2,358,531","297,849","1,396,875","169,384","2,324,749","243,925","2,775,740","297,312","3,837,192","446,948","3,910,744","435,073","3,960,486","530,687","32,181,656","3,915,540",1.11,0.57
301993990,Other live marine fish,"12,332","12,064","9,776","11,536",200,161,"1,801",663,844,181,278,105,225,423,"14,258","7,449","22,801","3,027","28,702","4,195","3,376",131,"2,248",305,"96,841","40,240",0,0.01
301994090,Other freshwater fish,"9,430","2,922","8,869","2,852","29,960","18,070","39,524","17,015","40,433","15,648","49,310","9,919","68,617","14,416","53,466","12,992","53,175","11,085","54,009","10,289","51,524","11,194","41,935","10,062","500,252","136,464",0.02,0.02
302190000,"Oth salmonidae fish, excluding fillet,","42,043","18,224","4,630","2,315","69,649","5,368","27,361","15,853","36,944","10,014","23,395","4,388","142,710","29,642","164,196","44,661","11,050","5,020","152,522","28,398","101,013","238,898","57,216","24,372","832,729","427,153",0.03,0.06
302210000,"Halibut (Pleuronectes platessa), excl.",0,0,0,0,0,0,400,400,0,0,0,0,0,0,0,0,0,0,0,0,0,0,0,0,400,400,0,0
302290000,"Oth flat fish, excl.fillet,liver & roes","4,776","2,388",0,0,"16,310","8,155","15,006","7,503","16,084","8,042",0,0,0,0,0,0,0,0,0,0,0,0,0,0,"52,176","26,088",0,0
302310000,"Albacore/longfinned tunas,excl.fillet,",0,0,0,0,0,0,912,240,0,0,0,0,0,0,0,0,0,0,0,0,0,0,0,0,912,240,0,0
302320000,"Yellowfin tunas,excl.fillets, livers &","1,112,538","221,319","1,062,398","196,061","6,891","1,700","967,156","187,003","181,770","14,607","926,656","190,257","711,408","131,891","290,105","52,870","564,855","132,951","10,437","1,487","244,497","49,916","255,793","29,506","6,334,504","1,209,568",0.22,0.18
302330000,"Skipjack or stripe-bellied bonito,excl.",756,350,0,0,62,36,144,80,"76,764","51,114","137,634","102,143",0,0,0,0,711,"1,170","87,376","51,015","91,850","50,000",0,0,"395,297","255,908",0.01,0.04
302340000,"Bigeye tunas, excl.fillets,liver & roes","578,171","106,705","471,250","87,034","1,841,789","365,666","550,452","90,686","992,407","195,726","1,070,312","206,003","820,791","145,965","1,044,287","196,371","531,481","90,966","878,796","178,605","334,658","81,466","446,961","88,287","9,561,355","1,833,480",0.33,0.27
302390000,"Oth tunas, excl.fillets, livers & roes,","2,438,504","425,205","1,360,902","220,225","2,980,576","514,700","1,729,142","296,145","2,073,234","352,571","1,735,108","313,447","695,798","129,571","4,044,727","241,399","2,064,904","360,916","2,856,618","476,924","2,414,137","348,012","2,271,793","434,175","26,665,443","4,113,290",0.92,0.6
302420000,"Anchovies excl.fillets, livers and roes,","179,840","36,800","212,745","33,552","1,274","1,750","1,904","1,988","2,876","3,915","198,890","40,555","99,158","30,375","210,176","57,030","117,125","65,159","34,893","47,580","50,231","31,348","16,004","20,700","1,125,116","370,752",0.04,0.05
302430000,"Sardines, excl. fillets, livers & roes,",0,0,"1,204",465,0,0,0,0,0,0,0,0,0,0,0,0,19,12,154,20,140,180,0,0,"1,517",677,0,0
302440000,"Mackerel, excl. fillets livers & roes,",0,0,0,0,0,0,0,0,0,0,0,0,0,0,0,0,0,0,0,0,"5,421","3,474",0,0,"5,421","3,474",0,0
302460000,"Cobia excl.fillets, livers and roes,",0,0,0,0,0,0,0,0,172,20,0,0,0,0,0,0,0,0,0,0,0,0,0,0,172,20,0,0
302470000,Swordfish (xiphias gladius) excl.fillets,375,745,0,0,0,0,0,0,0,0,"1,395","1,550",365,400,0,0,"1,466",159,"16,510","2,394","18,107","2,628","13,609","5,188","51,827","13,064",0,0
302590000,"Other marine fish excl.fillets, livers",880,220,0,0,860,215,540,135,"58,700","29,350","71,110","35,405","81,426","40,713","86,220","43,110","53,380","26,690","69,960","34,870","48,190","23,925","23,330","11,665","494,596","246,298",0.02,0.04
302721000,"Yellowtail catfish, excl.fillets, livers","2,533","3,521","1,300","1,170",0,0,"87,951","43,902","25,408","12,725",0,0,0,0,0,0,0,0,0,0,0,0,0,0,"117,192","61,318",0,0.01
302729020,"Catfish, excl.fillets, livers and roes,",8,3,"41,026","21,880",0,0,"6,050","6,400",0,0,0,0,0,0,0,0,0,0,0,0,0,0,0,0,"47,084","28,283",0,0
302729090,"Other catfish, excl.fillets, livers and","2,399",275,"1,625","1,460","2,353","2,260",0,0,"1,110","1,035","1,926","1,410","1,832","1,445","1,281","1,104","3,369","5,032","3,539","6,300","5,420","9,262","6,767","12,308","31,621","41,891",0,0.01
302740000,"Eels, excl. fillets, livers and roes,","4,699","4,163",0,0,231,450,0,0,890,621,"5,690","10,839",800,"1,504","26,617","26,394",0,0,"8,336","8,293","26,397","10,520","6,032","11,490","79,692","74,274",0,0.01
302810000,"Dogfish & oth sharks, excl. fillets,",276,150,"1,226",660,0,0,369,480,289,264,735,"1,000",0,0,"1,049","1,159",0,0,"1,689","1,100",554,550,"1,762","1,245","7,949","6,608",0,0
302820000,"Rays and skates, excl.fillets, livers","135,767","133,683","71,204","67,168","110,275","103,735","75,839","74,050","22,534","22,693","133,409","96,993","25,404","26,188","62,690","62,950","51,638","47,730","66,337","61,610","60,620","58,239","68,520","66,309","884,237","821,348",0.03,0.12
302891400,"Savalai hairtails, etc., excl.fillets,","238,303","81,540","143,788","44,625","20,853","6,111","159,803","110,180","20,664","3,010","17,705","16,583","22,313","7,864","22,083","10,482","7,753","6,977","2,233",328,"91,381","35,645","8,883","2,246","755,762","325,591",0.03,0.05
302891510,"Indian mackerel excl.fillets, livers and",0,0,0,0,0,0,0,0,0,0,0,0,0,0,0,0,"49,880","25,690","97,000","50,000","72,166","18,802","18,900","27,000","237,946","121,492",0.01,0.02
302891710,"Silver pomfrets excl.fillets, livers and","379,985","103,067","271,422","72,892","200,294","53,027","269,001","106,954","300,940","81,940","568,418","179,090","372,794","107,177","381,884","119,976","433,387","146,926","424,986","134,795","216,171","64,402","301,077","70,724","4,120,359","1,240,970",0.14,0.18
302891720,"Black pomfrets excl.fillets, livers and","57,851","29,330","80,532","33,292","103,500","45,530","108,114","50,317","42,966","19,114","41,693","26,650","50,244","26,084","114,963","25,640","92,512","41,150","77,506","43,970","83,190","46,495","45,753","19,937","898,824","407,509",0.03,0.06
302891800,"Mangrove red snappers, excl.fillets,","81,345","41,749","77,195","37,478","99,073","76,994","81,247","39,835","73,594","38,224","202,225","86,222","99,459","48,626","151,285","72,531","180,166","81,610","193,499","74,439","111,503","73,017","126,765","55,764","1,477,356","726,489",0.05,0.11
302891910,"Kerapu, excl.fillets, livers and roes,","637,256","323,712","566,508","235,540","614,234","276,927","555,747","250,781","468,010","216,868","491,463","227,800","347,130","169,302","465,324","218,886","409,502","206,068","540,629","252,896","750,652","340,597","758,438","303,125","6,604,893","3,022,502",0.23,0.44
302891920,"Marlin excl.fillets, livers and roes,",0,0,0,0,0,0,0,0,0,0,0,0,0,0,0,0,0,0,0,0,"4,425",534,0,0,"4,425",534,0,0
302891930,"Mackerel excl.fillets, livers and roes,","568,455","210,622","783,974","212,069","827,116","275,340","892,843","292,097","720,476","264,679","576,978","214,926","629,326","233,785","624,373","223,827","597,676","229,902","577,992","250,107","603,314","231,257","691,738","257,738","8,094,261","2,896,349",0.28,0.42
302891940,"Indo-pasific sailfish excl.fillets,",0,0,0,0,0,0,0,0,0,0,0,0,168,75,0,0,0,0,0,0,0,0,0,0,168,75,0,0
302891990,"Other marine fish excl.fillets, livers","5,448,576","3,797,163","4,108,484","2,660,278","4,789,486","3,453,392","4,373,470","3,029,120","4,400,742","3,006,845","4,537,665","2,857,277","3,204,163","2,111,940","4,512,576","3,173,976","4,141,258","2,894,274","4,618,919","3,024,873","4,689,515","3,074,241","4,394,621","2,818,106","53,219,475","35,901,485",1.84,5.22
302892600,"Indian threadfins and silver grunts,","664,530","381,420","387,437","213,250",0,0,0,0,"467,630","274,860","445,112","241,985","432,013","274,395","844,906","494,523","842,282","517,118","779,550","502,770","599,728","452,118","443,682","362,150","5,906,870","3,714,589",0.2,0.54
302892900,"Other fish of not marine fish, excl.","65,607","35,890","36,355","35,756","49,950","49,950","66,200","66,200","474,991","307,980","95,495","125,521","16,403","14,229","117,215","84,079","136,767","81,431","150,198","96,721","84,309","59,559","55,632","45,978","1,349,122","1,003,294",0.05,0.15
303190000,"Other salmonidae, excl.fillets, livers","213,536","144,816","8,454","7,000","66,290","32,178","51,488","37,297","117,569","89,050","77,343","53,344","298,175","216,984","161,214","104,017","364,089","263,629","154,499","127,446","255,092","157,809","218,416","114,416","1,986,165","1,347,986",0.07,0.2
303240000,"Catfish, excl.fillets, livers and roes,","285,164","145,007","451,862","240,957","396,439","266,666","442,583","263,084","411,646","235,714","378,248","225,773","335,923","191,713","519,303","268,647","426,709","196,841","385,463","208,600","850,638","368,551","554,209","222,900","5,438,187","2,834,453",0.19,0.41
303260000,"Eels, excl.fillets, livers & roes,","916,671","434,662","847,371","404,676","1,482,931","644,595","1,742,849","573,222","1,080,478","408,441","1,463,923","507,312","896,108","311,531","1,144,034","324,036","1,422,516","526,632","1,401,285","618,036","1,320,579","639,092","1,587,041","759,790","15,305,786","6,152,025",0.53,0.89
303290000,"Nile perch and snakeheads, excl.fillets,","37,419","23,695",0,0,0,0,0,0,"39,200","24,500","748,796","441,488","165,172","116,150","1,089,872","861,020","1,057,776","617,066","817,533","557,253","715,125","340,933","883,012","524,919","5,553,905","3,507,024",0.19,0.51
303310000,"Halibut, excl.fillets, livers and roes,",0,0,0,0,0,0,0,0,0,0,0,0,0,0,0,0,0,0,720,80,"2,721","1,237","11,981","7,488","15,422","8,805",0,0
303390000,"Oth flat fish, excl.fillets, livers &","360,071","422,089","462,122","480,184","500,438","481,592","520,844","477,017","389,070","364,466","637,058","707,619","84,856","102,832","309,826","272,421","542,541","401,531","183,862","212,660","186,307","133,852","208,605","174,029","4,385,600","4,230,292",0.15,0.62
303410000,"Albacore/longfinned tunas,excl.fillet,","228,580","136,093","826,119","280,377","1,195,359","375,840","1,567,724","509,715","1,777,312","589,004","2,144,511","785,139","1,057,686","446,244","1,472,002","562,687","650,118","242,966","1,984,414","681,693","1,891,840","653,492","1,885,774","807,451","16,681,439","6,070,701",0.58,0.88
303420000,"Yellowfin tunas, excl.fillet, liver &","1,047,925","522,681","1,790,176","877,581","1,358,324","385,589","840,963","462,940","1,250,438","291,588","2,541,301","846,027","1,066,121","489,797","3,340,509","1,111,955","3,740,243","1,551,049","1,871,880","427,190","2,428,538","1,000,895","5,220,673","2,056,007","26,497,091","10,023,299",0.91,1.46
303430000,"Skipjack or stripe-bellied bonito, excl.","2,917,135","2,048,038","2,690,276","2,117,932","1,469,645","1,115,973","2,273,216","1,389,413","4,237,925","2,825,919","3,994,629","2,825,158","1,365,177","997,414","1,972,436","1,420,922","3,958,261","2,703,875","4,953,281","3,183,666","5,361,090","3,483,072","4,542,447","3,044,817","39,735,518","27,156,199",1.37,3.95
303440000,"Bigeye tunas, excl.fillets, livers and",0,0,"39,378","29,246",0,0,"34,665","11,053","161,965","86,500","28,641","15,471","53,225","29,684","401,209","205,430","301,102","175,015","77,804","51,706","61,173","41,342","364,333","198,671","1,523,495","844,118",0.05,0.12
303460000,"Southern bluefin tunas, excl.fillets,",0,0,0,0,"39,045","4,100",0,0,"30,600","2,550",0,0,"32,000","2,670","6,500",550,0,0,"12,950","1,080",0,0,0,0,"121,095","10,950",0,0
303490000,"Oth tunas, excl.fillets,livers & roes,","2,086,153","554,014","227,228","158,761","507,184","355,834","547,978","509,687","1,129,951","572,756","2,645,069","927,341","892,122","518,516","461,653","219,395","850,014","326,190","1,557,426","483,626","1,098,544","463,738","992,900","244,522","12,996,222","5,334,380",0.45,0.78
303530000,"Sardines, sardinella, brisling or sparts","33,620","32,620","5,314","9,260","19,174","25,174","31,026","41,500",0,0,"7,200","3,000",0,0,"13,410","25,011",0,0,0,0,0,0,"13,140","21,900","122,884","158,465",0,0.02
303540010,"Mackerel, excl.fillets, livers and roes,","192,858","86,107","1,073,695","474,838","1,539,520","614,709","1,505,574","939,478","427,336","214,549","2,651,234","1,212,914","2,443,206","1,091,026","1,940,596","868,830","2,035,317","911,865","916,422","470,016","1,638,161","687,607","1,702,503","876,436","18,066,422","8,448,375",0.62,1.23
303550000,"Jack and horse mackarel, excl.fillets,",0,0,0,0,0,0,0,0,0,0,0,0,0,0,0,0,"167,100","104,500","113,925","73,500","71,500","49,000","341,490","224,500","694,015","451,500",0.02,0.07
303560000,"Cobia, excl.fillets, livers and roes,","75,581","40,081","111,878","83,842","98,159","48,362","67,996","35,470","52,576","40,103","76,219","49,365",0,0,"8,347","1,722","89,803","64,869","48,273","40,273","118,304","35,572","95,482","57,286","842,618","496,945",0.03,0.07
303570000,"Swordfish (xiphias gladius),","1,605,290","328,536","1,663,720","406,254","1,151,328","212,435","1,136,172","239,855","1,466,747","383,865","1,420,726","356,729","1,709,158","399,228","1,648,144","364,635","902,664","188,154","937,466","202,645","516,199","104,631","680,042","148,380","14,837,656","3,335,347",0.51,0.48
303690000,"Other marine fish, excl.fillets, livers","657,151","234,748","311,446","114,523","350,543","161,083","308,467","186,647","274,915","171,734","548,064","225,068","343,557","133,401","219,081","92,890","471,726","139,169","243,523","102,658","313,494","166,348","422,784","336,606","4,464,751","2,064,875",0.15,0.3
303810000,"Dogfish and other sharks, excl.fillets,","456,681","128,288","164,519","53,743","150,596","90,945","18,305","4,752","112,510","76,664","228,619","161,080","125,188","84,769","171,677","107,255","9,893",681,"244,944","249,840","258,436","194,523","117,425","101,312","2,058,793","1,253,852",0.07,0.18
303820000,"Rays and saktes, excl.fillets, livers","189,250","122,500","117,588","75,001","61,808","28,130","146,629","72,055","64,115","26,890","80,961","31,500","19,195","12,000","61,299","41,360","94,283","45,095","286,900","118,324","110,344","42,740","127,484","37,880","1,359,856","653,475",0.05,0.1
303840000,"Seabass, excl.fillets, livers and roes,",0,0,0,0,0,0,0,0,"19,005","19,005","2,893","1,999",0,0,0,0,0,0,0,0,0,0,0,0,"21,898","21,004",0,0
303891300,"Bluntnose lizardifish, excl.fillets,","77,000","75,000","398,805","401,361","205,600","195,800","87,051","74,700","46,500","46,500","96,177","87,776",0,0,0,0,"7,261","6,679",0,0,0,0,"171,105","264,942","1,089,499","1,152,758",0.04,0.17
303891400,"Savalai hairtails, excl.fillets, livers","5,401,372","2,832,634","4,253,830","3,076,503","6,897,487","4,262,642","5,766,397","3,550,704","4,671,785","3,266,032","3,326,924","2,626,084","2,632,939","2,092,717","3,640,787","2,737,593","3,633,575","2,666,957","4,532,440","3,085,203","4,444,760","3,319,561","4,252,240","2,726,127","53,454,536","36,242,757",1.84,5.27
303891510,"Indian mackarel, excl.fillets, livers","228,154","128,088","613,923","305,030","238,447","137,720","501,705","256,810","780,967","422,232","2,952,752","1,577,125","2,304,560","1,162,360","2,227,287","1,095,400","781,874","451,680","71,000","74,000","188,776","94,380","188,996","67,310","11,078,441","5,772,135",0.38,0.84
303891520,"Island mackarel, excl.fillets, livers","16,795","12,211",0,0,0,0,0,0,0,0,0,0,0,0,0,0,0,0,0,0,"1,670","1,113","62,675","27,003","81,140","40,327",0,0.01
303891600,"Torpedo scads,spotted sicklefish&great",0,0,0,0,"30,734","15,079","5,942","8,489","1,491","1,966","24,698","16,945","1,138",711,"17,267","9,163","36,158","27,000","2,506","2,390",0,0,"12,829","7,947","132,763","89,690",0,0.01
303891710,"Silver pomfrets, excl.fillets, livers","831,382","125,632","327,381","207,339","71,253","49,605","188,479","111,541","199,354","117,657","353,770","240,365","57,530","38,327","187,721","100,034","95,342","51,910","201,771","103,209","631,577","432,331","408,621","186,794","3,554,181","1,764,744",0.12,0.26
303891720,"Black pomfrets, excl.fillets, livers and","838,581","450,114","776,047","449,067","819,684","404,504","1,059,694","453,584","1,108,244","559,300","726,255","463,522","288,561","158,662","408,533","189,987","648,352","346,742","696,501","412,854","748,731","312,854","1,117,744","779,106","9,236,927","4,980,296",0.32,0.72
303891800,"Mangrove red snappers, excl.fillets,","923,640","278,334","797,765","218,261","946,961","284,707","1,388,977","434,275","1,636,828","554,601","1,692,975","444,095","1,287,181","339,607","1,730,351","443,825","1,453,633","379,536","1,488,182","391,821","3,115,367","713,927","2,974,941","868,728","19,436,801","5,351,717",0.67,0.78
303891910,"Kerapu(cromilepte altivelis,epinephelus)","165,150","57,453","205,903","73,970","84,921","19,869","380,410","99,928","164,473","67,889","260,918","68,274","185,606","36,957","107,104","42,966","115,417","27,048","90,861","24,833","481,456","106,269","451,756","108,623","2,693,975","734,079",0.09,0.11
303891920,"Marlin, excl.fillets, livers and roes,","61,191","26,369",0,0,"9,927","3,300",368,105,"97,559","78,329",0,0,"25,200","3,150","17,086","4,200",0,0,400,50,0,0,0,0,"211,731","115,503",0.01,0.02
303891930,"Mackarel excl.fillets, livers and roes,","2,384,334","1,338,484","466,131","265,448","1,523,637","659,379","925,280","508,119","2,208,632","1,122,272","731,575","335,804","1,085,384","381,624","1,489,921","706,644","826,997","391,807","872,754","530,627","1,574,589","758,186","1,567,869","827,388","15,657,103","7,825,782",0.54,1.14
303891940,"Indo-pacific sailfish, excl.fillets,",0,0,"41,000","20,000","35,650","23,502",0,0,0,0,"33,045","15,655",0,0,0,0,0,0,0,0,"4,007","1,222",0,0,"113,702","60,379",0,0.01
303891990,"Other marine fish, excl.fillets, livers","2,789,925","1,394,806","2,155,458","1,428,257","2,571,899","1,542,273","2,679,693","1,809,284","2,978,381","1,964,191","2,720,495","1,895,795","1,999,349","1,227,253","2,102,253","1,369,683","2,401,446","1,562,987","2,781,088","1,828,196","4,129,876","2,520,739","3,067,819","1,896,384","32,377,682","20,439,848",1.12,2.97
303892400,"Snakeskin gourami, excl.fillets, livers","2,970",625,3,675,0,0,0,0,0,0,"2,921",590,"4,290",650,0,0,0,0,"2,795",550,0,0,0,0,"12,979","3,090",0,0
303892600,"Indian threadfins, excl.fillets, livers","129,884","97,365","858,351","640,360","612,297","532,183","1,319,769","1,022,130","1,058,134","785,058","848,182","835,148","186,908","201,252","1,009,972","821,490","232,886","228,454","520,871","454,027","527,054","442,481","1,105,841","965,014","8,410,149","7,024,962",0.29,1.02
303892700,"Hilsa shad, excl.fillets, livers and",0,0,0,0,0,0,0,0,0,0,0,0,0,0,0,0,0,0,0,0,0,0,"20,796","20,796","20,796","20,796",0,0
303892800,"Wallago, excl.fillets, livers and roes,",0,0,0,0,0,0,"5,077","2,475","4,219","4,515","2,332","1,190","3,362","1,820",0,0,"4,769","2,450",920,480,"2,771","1,500","1,291",720,"24,741","15,150",0,0
303892900,"Other fish, not marine fish,","2,806,168","1,917,193","3,175,518","2,168,655","4,053,171","3,110,052","6,927,321","4,064,570","5,829,965","3,991,189","6,927,406","4,528,964","2,882,617","1,646,113","3,546,587","2,603,705","5,135,118","3,029,757","6,229,361","3,959,357","5,548,668","3,668,435","4,615,709","2,994,895","57,677,609","37,682,885",1.99,5.48
303901000,"Livers of fish, frozen",0,0,0,0,0,0,38,8,0,0,0,0,0,0,0,0,0,0,0,0,0,0,0,0,38,8,0,0
303902000,"Roes of fish, frozen","124,705","6,312",0,0,"184,612","19,141","1,287","1,609","251,169","15,555","11,320","4,698","3,607","1,501","58,568","4,074","32,172","1,130","72,333","2,000","21,831","8,348","177,780","5,520","939,384","69,888",0.03,0.01
304310000,Tilapias fillets (whether or not,0,0,0,0,0,0,"91,979","19,570",0,0,0,0,0,0,0,0,0,0,0,0,0,0,0,0,"91,979","19,570",0,0
304320090,Other catfish fillets (whether or not,0,0,"149,506","58,311","1,130,798","1,042,909","204,500","200,000","1,470,703","1,464,743","514,268","514,539","1,084,698","985,111","1,266,481","1,146,770","1,185,476","1,048,521","655,259","537,255","252,498","221,562","1,041,070","934,509","8,955,257","8,154,230",0.31,1.19
304390000,"Carp, eels and snakeheads fillets","7,228","1,396","749,132","91,186","22,805","2,247","153,973","19,354","213,804","41,382","196,449","18,880","406,924","45,871","12,447","2,150","276,497","30,469","424,164","44,766","861,341","91,822","107,147","15,102","3,431,911","404,625",0.12,0.06
304440000,Fillets of fish of the families,0,0,0,0,0,0,0,0,"93,673","18,200","89,901","18,210",0,0,"36,975","7,790",0,0,0,0,0,0,0,0,"220,549","44,200",0.01,0.01
304450000,"Swordfish (Xiphias gladius) fillets,","21,650","48,013","22,000","47,406",0,0,"23,550","47,839","25,883","48,425",368,184,"14,900","23,919","157,330","59,417",0,0,"523,199","90,537","31,700","23,862","83,500","48,132","904,080","437,734",0.03,0.06
304490000,"Fillets of other fish, fresh or chilled","309,855","28,664","51,299","6,456","159,594","15,251","89,830","27,566","214,342","19,890","97,430","8,230","177,136","19,334","80,438","12,092","224,243","24,785","132,809","13,294","87,421","11,891","282,389","35,781","1,906,786","223,234",0.07,0.03
304540000,"Swordfish meat (whether or not minced),",0,0,"156,530","35,284",0,0,0,0,0,0,0,0,0,0,0,0,0,0,0,0,0,0,0,0,"156,530","35,284",0.01,0.01
304590000,"Other fish meat (whether or not minced),","118,742","19,775",235,10,20,2,0,0,0,0,0,0,"186,896","62,584",129,12,0,0,"86,865","13,481","60,043","11,254","3,470","2,311","456,400","109,429",0.02,0.02
304610000,"Tilapias fillets, frozen","5,973,273","902,389","7,071,549","1,156,047","5,219,645","817,263","6,812,768","1,096,161","5,144,748","939,131","7,442,790","1,192,540","3,990,196","639,535","6,457,944","1,107,520","4,905,820","888,341","7,005,863","1,177,840","5,670,111","981,589","5,632,149","961,625","71,326,856","11,859,981",2.46,1.72
304620090,"Other catfish fillets, frozen","1,535","1,656",0,0,0,0,0,0,0,0,0,0,0,0,0,0,0,0,0,0,0,0,0,0,"1,535","1,656",0,0
304690000,"Carp, eels, and snakeheads fillets,","239,249","29,784","142,845","24,577",0,0,"349,865","103,752","109,053","16,952",0,0,"52,511","13,936","239,309","67,370","184,194","36,022","157,183","27,169","95,681","24,436","115,597","35,245","1,685,487","379,243",0.06,0.06
304810090,"Frozen fillets of Pacific, Atlantic and","256,171","36,440","382,894","85,478","350,158","33,793","350,673","54,311","355,986","50,240","465,202","74,157","160,140","23,365","314,824","43,740","721,659","95,653","435,139","101,521","201,340","35,331","560,806","61,676","4,554,992","695,705",0.16,0.1
304820000,Frozen fillets of trout,"83,344","4,800","217,306","13,312",976,60,"144,909","10,395",0,0,"313,186","17,244",0,0,"49,070","2,832","114,657","6,600",0,0,"168,185","9,871",0,0,"1,091,633","65,114",0.04,0.01
304840000,Frozen fillets of swordfish,"776,208","101,348","1,449,318","203,005","2,212,960","425,345","1,728,482","238,192","2,123,940","306,287","1,707,557","317,068","931,228","156,820","857,089","121,710","1,796,969","267,392","699,602","120,501","698,549","89,188","492,832","64,274","15,474,734","2,411,130",0.53,0.35
304870000,"Frozen fillets of tunas, skipjack or","5,197,237","768,431","5,929,839","881,339","7,288,941","1,224,402","7,030,395","971,429","10,241,609","1,393,074","9,596,624","1,358,847","5,014,631","720,851","8,053,953","1,126,450","8,224,570","1,002,571","8,200,950","1,275,229","9,711,401","1,220,071","8,617,120","1,019,651","93,107,270","12,962,345",3.21,1.88
304890000,Frozen fillets of other fish,"4,533,282","1,108,833","5,500,187","1,154,949","7,111,122","1,379,926","6,424,577","1,466,682","6,156,919","1,290,926","8,210,380","1,636,178","2,811,135","735,800","5,055,681","1,100,542","5,263,001","1,040,792","4,641,650","937,453","5,798,973","1,029,652","7,119,383","1,235,793","68,626,290","14,117,526",2.37,2.05
304910000,Swordfish (xiphias gladius) meat,0,0,"50,305","8,905","23,792","4,140","51,700","9,979","127,378","27,748",0,0,"1,520",200,"87,978","17,225",0,0,"84,920","15,805",0,0,0,0,"427,593","84,002",0.01,0.01
304990010,"Meat of tuna loin and skipjack,","3,666,354","565,698","2,900,526","451,739","3,458,077","483,518","3,170,467","492,723","4,596,825","631,520","4,068,286","608,637","5,294,405","726,002","5,296,039","643,368","4,414,925","603,940","4,051,406","566,977","5,962,726","795,970","6,698,111","933,851","53,578,147","7,503,943",1.85,1.09
304990090,"Meat of other fish,","10,344,803","3,522,359","7,320,665","2,952,758","9,242,529","3,741,080","10,515,277","3,539,525","7,705,665","2,871,882","7,536,090","2,714,712","5,811,148","1,352,905","6,319,895","1,815,922","7,961,221","2,979,309","10,661,624","3,749,323","8,643,324","3,438,338","9,239,072","3,335,479","101,301,313","36,013,592",3.49,5.24
305100000,"Flours, meals, and pellats of fish, fit",0,0,0,0,"1,170",100,"1,200",100,0,0,0,0,1,2,"4,500",300,"65,600","80,000",0,0,0,0,0,0,"72,471","80,502",0,0.01
305201000,"Livers & roes of freshwater fish, dried,","4,754",862,"2,193",922,"12,228","12,276","4,549","1,215","12,281","14,107","25,337","38,182","2,031",883,"11,613","12,717","2,997",710,"18,063","15,251","18,779","27,588","14,710","15,287","129,535","140,000",0,0.02
305209000,"Livers&roes of fish, oth than freshwater","1,082,115","426,861","413,338","139,665","683,666","357,805","505,431","203,224","542,020","376,767","749,943","482,532","741,938","258,494","2,517,800","329,060","1,438,998","238,942","1,753,608","377,588","834,403","326,617","1,242,444","232,497","12,505,704","3,750,052",0.43,0.55
305399000,"Fish fillets, dried,salted,but not","17,320","25,000","107,119","50,085",0,0,"112,860","28,975","3,125",323,"56,394","24,873","122,936","14,820","63,380","28,552","20,700","31,013","9,042","14,428","40,987","63,391","27,403","33,278","581,266","314,738",0.02,0.05
305410000,"Pacific salmon, smoked, incl.fillets,",0,0,0,0,0,0,0,0,0,0,0,0,"60,317","4,260",0,0,"15,460","36,380",0,0,"3,122","5,020",0,0,"78,899","45,660",0,0.01
305490000,"Other fish, smoked, incl.fillets, other","976,848","178,969","929,608","240,514","1,086,536","257,884","1,424,069","422,533","1,542,254","422,182","1,593,138","306,995","1,492,690","291,100","1,491,704","288,861","2,031,101","277,120","2,615,321","356,817","2,204,945","298,476","2,953,253","432,226","20,341,467","3,773,677",0.7,0.55
305592000,"Marine fish, dried, other than edible","72,158","7,401","39,191","7,149","55,199","13,829","71,639","13,526","84,417","23,273","55,772","10,398","98,828","13,451","23,236","12,934","16,436","1,350","43,437","19,224","227,407","65,173","11,161","3,689","798,881","191,397",0.03,0.03
305599000,"Fish,not marine fish,dried,oth thn","614,747","255,834","678,423","211,644","425,475","193,468","549,280","218,361","538,155","285,349","983,326","346,853","277,271","172,198","1,142,213","270,559","509,061","227,579","645,313","155,749","578,134","180,595","808,270","230,128","7,749,668","2,748,317",0.27,0.4
305630000,"Anchovies, salted but not dried/smoked &","433,918","51,265","148,252","16,432","2,274,533","266,937","836,732","126,376","486,373","89,306","462,787","90,364","253,719","26,194","335,972","78,491","405,115","98,861","478,712","52,690","723,290","67,654","762,458","73,619","7,601,861","1,038,189",0.26,0.15
305691010,"Mackerel, salted but not dried/smoked &","1,381","3,000","2,151","4,500",0,0,0,0,0,0,0,0,0,0,0,0,0,0,0,0,0,0,0,0,"3,532","7,500",0,0
305691090,"Other marine fish, salted but not","31,527","34,450","5,845","6,170",0,0,0,0,"58,063","58,860","29,412","31,190","47,149","51,190","57,305","61,060","24,550","26,060","31,662","46,669","24,150","27,460","15,837","18,065","325,500","361,174",0.01,0.05
305699000,"Fish,not marine fish,salted,not","173,002","29,421","247,874","78,648","258,911","44,851","347,668","48,873","65,973","17,178","357,139","190,729","123,874","46,898","225,768","54,618","156,135","73,054","138,072","79,584",0,0,"163,006","29,096","2,257,422","692,950",0.08,0.1
305710000,"Shark fins, fit for human consumption","166,586","11,209","1,233",10,"483,073","51,661","204,639","8,635","252,449","15,604","271,259","19,519","102,195","6,524","472,046","61,816","879,154","29,165","1,391,193","26,622","1,270,568","19,099","1,886,117","30,619","7,380,512","280,483",0.25,0.04
305721000,"Fish maws, fit for human consumption","43,183","10,238","11,453","2,530","83,021","14,328","12,449","2,646","52,182","10,644","93,066","40,750","39,016","8,903","195,806","20,357","79,394","18,125","124,388","28,361","334,395","35,371","634,639","37,020","1,702,992","229,273",0.06,0.03
305729000,"Fish head and tails, fit for human","4,165","2,175",610,305,"5,938","1,035","12,046","3,944","16,277","4,808","28,360","13,651","6,881","2,049","42,528","5,689","32,560","8,410","58,279","4,272","97,138","13,032","172,623","9,172","477,405","68,542",0.02,0.01
305790090,"Other edible fish offal, fit for human","40,061","7,010","72,295",755,"9,728",256,"9,018","25,780","22,186","9,500","7,419","21,440",0,0,0,0,0,0,0,0,"16,361","25,270","4,156","10,200","181,224","100,211",0.01,0.01
306110000,"Rock lobsters and other sea crawfish,","150,975","18,523","238,995","21,559","332,828","74,209","219,600","45,823","457,364","54,068","433,247","90,809","33,065","3,309","208,548","29,342","490,472","54,596","226,981","29,681","426,373","91,149","123,620","25,048","3,342,068","538,116",0.12,0.08
306120000,"Lobsters, frozen, fit for human","55,138","13,522","27,475","3,404","15,508","4,629","122,554","35,155","33,637","7,550","226,692","47,720","77,512","11,707","52,793","26,855","9,930","6,100","114,723","14,896","196,170","33,827","151,642","12,968","1,083,774","218,333",0.04,0.03
306141000,"Soft shell crabs, frozen, fit for human","47,992","7,800","176,856","82,502","173,243","74,543","144,734","93,224","364,963","85,973","247,096","81,933","226,670","39,841","202,742","122,055","746,888","69,837","292,742","60,274","233,757","35,908","142,413","100,296","3,000,096","854,186",0.1,0.12
306149000,"Other crabs, frozen, fit for human","1,004,592","89,367","1,081,210","80,757","1,524,307","149,880","1,507,131","178,251","2,355,551","384,428","2,089,581","284,925","1,363,698","204,739","1,561,235","297,717","1,981,490","261,703","1,754,424","187,853","933,109","137,931","990,213","184,303","18,146,541","2,441,854",0.63,0.36
306160000,"Cold water shrimps and prawns, frozzen,","1,514,711","178,943","2,211,580","234,804","2,732,337","284,846","2,993,937","282,398","1,167,976","136,759","2,851,226","318,589","1,606,126","153,259","2,557,209","229,705","2,217,579","197,583","2,864,812","288,259","2,138,237","194,017","1,564,875","146,939","26,420,605","2,646,101",0.91,0.38
306171010,"Giant tiger prawns with head, frozen,","445,036","83,537","282,725","55,145","127,490","29,760","227,030","55,402","533,071","96,005","291,272","51,320","170,469","41,900","418,374","67,278","686,731","103,875","775,278","88,166","685,675","96,208","601,223","86,110","5,244,374","854,706",0.18,0.12
306171020,"Giant tiger prawns headless, frozen, fit","6,199,694","369,957","7,312,438","479,726","6,870,233","430,699","7,805,724","553,128","8,462,724","507,839","9,850,835","661,631","9,044,887","611,484","13,091,968","818,796","14,360,472","871,634","9,918,388","631,007","9,954,894","579,974","9,196,429","627,489","112,068,686","7,143,364",3.86,1.04
306171090,"Other giant tiger prawns, frozen, fit","13,727,197","1,316,026","13,222,032","1,461,663","13,689,327","1,402,217","12,741,644","1,365,054","11,746,912","1,202,462","11,127,426","1,174,259","7,812,329","750,484","16,657,124","1,527,130","14,060,284","1,348,861","14,025,415","1,211,315","15,357,634","1,497,406","12,831,591","1,247,348","156,998,915","15,504,225",5.41,2.25
306172010,"Whiteleg shrimps with head, frozen,","9,769",900,"102,221","10,322","90,270","9,707","65,240","7,098","48,391","5,382","57,756","5,698","21,449","5,676","54,415","11,459","2,733",301,"7,746",905,"27,867","3,113","11,724","1,379","499,581","61,940",0.02,0.01
306172020,"Whiteleg shrimps headless with tail,","23,658,378","2,774,667","19,897,230","2,235,946","22,524,640","2,659,958","24,584,638","2,855,383","31,304,151","3,645,247","39,755,284","4,782,671","17,921,457","2,181,800","27,135,274","3,092,918","20,843,854","2,342,575","23,504,532","2,585,680","20,048,846","2,147,313","24,997,584","2,732,363","296,175,868","34,036,521",10.21,4.95
306172030,"Whiteleg shrimps headless without tail,","9,922,165","1,154,584","10,994,417","1,207,292","9,569,636","1,095,067","11,986,436","1,317,320","11,123,016","1,306,028","12,404,251","1,382,072","7,589,743","881,362","7,439,753","853,999","9,277,717","1,023,237","9,436,524","1,011,028","10,573,150","1,149,010","12,335,754","1,297,627","122,652,562","13,678,626",4.23,1.99
306172090,"Other whiteleg shrimps, frozen,","31,989,674","3,862,137","36,428,956","4,300,406","46,227,395","5,379,294","39,631,017","4,868,795","42,028,343","4,654,873","55,985,867","5,875,427","27,278,589","2,949,577","43,570,778","4,514,068","44,615,317","4,529,705","43,563,829","4,401,179","44,284,703","4,926,818","49,160,057","5,174,851","504,764,525","55,437,130",17.41,8.06
306173000,"Giant river prawns, frozen,",0,0,0,0,0,0,0,0,0,0,0,0,0,0,90,30,0,0,0,0,0,0,0,0,90,30,0,0
306179000,"Other shrimps and prawns, frozzen,","4,169,734","643,305","4,014,918","413,569","4,952,976","609,807","5,863,118","763,657","5,036,914","745,438","5,687,316","827,124","5,155,643","688,360","5,105,874","632,870","5,467,905","615,729","5,666,123","607,576","4,947,149","541,386","5,780,281","690,988","61,847,951","7,779,809",2.13,1.13
306190000,"Other crustac,incl flours,meals&pellets","3,196,150","376,697","2,569,918","268,379","3,388,943","373,131","4,143,950","472,381","3,609,136","416,735","4,581,754","539,902","1,707,482","179,127","4,024,455","421,204","4,621,172","464,010","2,763,981","323,949","3,834,508","428,508","5,210,953","563,247","43,652,402","4,827,270",1.51,0.7
306211000,"Rock lobsters and other sea crawfish,",897,38,920,65,"8,848",692,808,103,920,28,"1,197",43,"1,113",36,879,22,"1,090",42,388,46,401,37,309,37,"17,770","1,189",0,0
306212000,"Rock lobsters and other sea crawfish,","1,096,915","118,401","956,660","104,189","834,728","54,966","769,226","48,619","765,780","53,992","721,745","57,389","792,669","72,294","933,218","72,463","817,308","77,985","1,003,835","89,433","801,158","83,460","1,784,903","183,946","11,278,145","1,017,137",0.39,0.15
306213000,"Rock lobsters and other sea crawfish,","14,114","9,030","8,364","5,346","10,112","5,790","20,889","10,476","15,241","7,070","22,684","13,433","19,601","12,042",372,150,"26,690","16,075","24,255","14,838","16,572","10,188","17,316","11,120","196,210","115,558",0.01,0.02
306219900,Oth rock lobsters & other sea crawfish,593,34,"5,353",260,"2,511",102,"3,814",170,0,0,0,0,0,0,0,0,0,0,0,0,0,0,0,0,"12,271",566,0,0
306221000,"Lobsters (homarus spp), breeder","4,652",256,"7,510",260,"7,804",176,"4,758",171,"1,297",71,"5,962",154,"1,204",67,"3,609",166,"4,178",217,"3,790",209,"6,424",322,"4,882",224,"56,070","2,293",0,0
306222000,"Lobsters (homarus spp),oth than breeder","3,139,054","140,397","2,614,187","122,670","2,175,394","126,352","1,780,794","107,886","1,540,960","96,159","1,379,905","90,424","654,390","33,532","1,193,633","77,875","1,855,583","158,760","1,960,130","143,428","2,336,463","163,419","1,260,724","69,730","21,891,217","1,330,632",0.75,0.19
306223000,"Lobsters (homarus spp), fresh/chilled,",0,0,0,0,"2,400",300,"7,174",769,133,12,988,81,0,0,"13,222","3,298",99,193,"11,687","3,624","11,922","4,374","3,454","6,353","51,079","19,004",0,0
306229100,"Lobsters (homarus spp), in airtight","10,681","21,962","13,027","26,080","7,751","15,109","12,672","24,702",24,47,24,48,0,0,0,0,33,64,0,0,0,0,0,0,"44,212","88,012",0,0.01
306241000,"Crabs, live","3,258,368","727,616","4,016,897","762,207","3,328,985","686,943","2,645,796","624,783","2,790,723","657,053","2,357,844","567,789","1,586,902","413,054","1,920,804","510,697","1,824,361","463,640","1,817,798","505,282","1,567,558","457,976","2,229,812","566,189","29,345,848","6,943,229",1.01,1.01
306242000,"Crabs, fresh or chilled","84,340","36,755","136,889","58,455","374,115","81,225","1,085,796","198,968","273,170","120,881","1,022,152","267,734","112,606","56,396","144,803","95,272","134,160","66,956","13,113","9,150",312,225,"3,192",750,"3,384,648","992,767",0.12,0.14
306249100,"Crabs, dried, in airtight container, not","2,526","1,267",0,0,"106,751","5,233","583,923","33,778","326,358","21,656","98,002","2,735","57,497","4,330",0,0,0,0,"83,763","5,448",0,0,"336,463","16,889","1,595,283","91,336",0.06,0.01
306249910,"Crabs, dried, boiled, in airtight","936,999","52,239","565,085","55,803","756,453","61,696","1,055,092","95,853","711,176","45,501","1,026,985","63,993","186,515","13,656","779,657","47,005","601,702","34,625","151,097","11,500","7,513","4,709","422,045","24,337","7,200,319","510,917",0.25,0.07
306249990,"Crabs, dried, not boiled, not in",4,2,13,13,"86,918","3,919",8,3,"3,500",500,"43,925","8,569","67,755","22,585","33,017","10,349","753,365","48,584","8,223","7,874","274,010","17,237","828,652","45,124","2,099,390","164,759",0.07,0.02
306261000,"Cold-water shrimps and prawns, breeder",0,0,207,400,0,0,0,0,0,0,0,0,0,0,0,0,800,288,0,0,0,0,0,0,"1,007",688,0,0
306262000,"Cold-water shrimps and prawns,other than","19,599","2,960","19,101","2,197","18,523","2,478","11,042","1,469","13,600","1,112","14,899",769,"12,991","1,039","23,737","2,505","11,648","1,783","21,867","4,521","28,839","6,678","31,937","4,243","227,783","31,754",0.01,0
306263000,"Cold-water shrimps and prawns, fresh or","775,021","268,560","406,151","131,912","264,516","96,554","242,676","93,163","759,883","255,372","507,162","167,553","457,688","171,166","1,021,410","317,962","1,074,998","306,997","946,290","304,802","932,745","310,701","709,840","248,211","8,098,380","2,672,953",0.28,0.39
306264900,"Cold-water shrimps and prawns, dried in","66,763","15,260","44,424","9,260",0,0,655,160,"90,966","21,195","47,469","10,750","137,131","35,690","194,522","48,735","117,359","29,560","135,432","35,550","134,044","38,415","66,175","21,970","1,034,940","266,545",0.04,0.04
306271200,"Whiteleg shrimps, breeder",0,0,0,0,0,0,146,4,0,0,0,0,0,0,0,0,"6,514",514,"33,124","7,960","61,690","8,148","32,209","3,193","133,683","19,819",0,0
306271900,"Other shrimps and prawns, breeder","11,174",332,"24,843",451,"20,949",415,"15,773",431,"14,498",419,"21,161",372,"16,807","10,317","15,036",470,"30,006","1,084","23,394",436,"19,772",506,"19,137",559,"232,550","15,792",0.01,0
306272200,"Whiteleg shrimps,other than breeder,",0,0,"151,072",167,"13,830",13,"12,000",18,0,0,0,0,"13,830",14,0,0,0,0,0,0,"21,200",14,"50,880",60,"262,812",286,0.01,0
306272900,"Other shrimps and prawns, other than","36,610","3,425","34,750","5,268","35,936","8,177","34,592","6,575","36,858","6,049","36,744","9,296","33,910","14,263","44,368","16,764","40,147","7,741","45,580","8,893","59,715","8,268","60,671","5,575","499,881","100,294",0.02,0.01
306273100,"Giant tiger prawns, fresh or chilled,",0,0,84,100,19,50,493,220,150,60,0,0,76,30,29,50,0,0,0,0,0,0,"1,961",150,"2,812",660,0,0
306273200,"Whiteleg shrimps, fresh or chilled, not","3,023","2,003",10,5,0,0,"2,515,369","349,484","3,171,215","429,288","2,743,105","340,902","1,784,422","235,519","1,770,819","218,175","1,423,421","171,090","1,796,254","223,147","2,447,200","292,198","665,023","81,937","18,319,861","2,343,748",0.63,0.34
306273900,"Other shrimps and prawns, fresh or","170,476","84,170","175,667","109,399","139,288","82,700","119,523","80,355","121,359","89,862","94,294","74,756","74,762","54,185","225,664","140,875","221,469","124,960","321,342","191,202","247,886","142,411","101,411","77,995","2,013,141","1,252,870",0.07,0.18
306274100,"Other shrimps and prawns, dried, in",0,0,0,0,0,0,0,0,0,0,0,0,0,0,"13,171","3,550",0,0,0,0,0,0,0,0,"13,171","3,550",0,0
306274900,"Other shrimps and prawns, dried, in","141,187","76,247","71,717","25,000","67,740","23,000","42,523","13,400","5,342","1,800","9,369","15,545","10,165","2,960",0,0,0,0,0,0,0,0,"1,200",300,"349,243","158,252",0.01,0.02
306279900,"Oth shrimps and prawns, in other than",0,0,0,0,0,0,0,0,"5,300","8,500",0,0,0,0,0,0,0,0,0,0,0,0,0,0,"5,300","8,500",0,0
306291000,"Other crustaceans, live","1,981",947,"7,704","5,802",752,288,"1,249",509,"1,910",291,"88,250","58,849","1,828",353,907,186,"2,105",468,"1,098",219,586,132,"3,555",419,"111,925","68,463",0,0.01
306293000,"Crustaceans, flours, meal and pellets",0,0,0,0,51,58,0,0,0,0,0,0,156,100,460,500,0,0,0,0,363,400,"1,479","1,400","2,509","2,458",0,0
306299900,"Crustaceans, flours, meal and pellets,",0,0,0,0,325,60,"1,100",300,0,0,0,0,"3,147","12,240",0,0,550,116,0,0,"7,409","24,540","6,644","24,480","19,175","61,736",0,0.01
307111000,"Oysters, live","2,282",347,"5,810","1,648","5,046","2,492","13,013","1,684",238,142,"4,765","2,748","2,828",744,790,522,"3,657","1,389","2,286",694,"17,156","6,728","2,788",714,"60,659","19,852",0,0
307112000,"Oysters, fresh or chilled",0,0,0,0,0,0,0,0,0,0,0,0,0,0,0,0,42,36,0,0,0,0,0,0,42,36,0,0
307192000,"Oysters, smoked",200,200,208,208,875,875,182,182,0,0,211,211,0,0,256,256,0,0,"1,718",266,630,252,0,0,"4,280","2,450",0,0
307193000,,"12,816","7,353",0,0,0,0,0,0,0,0,0,0,0,0,0,0,0,0,0,0,0,0,0,0,"12,816","7,353",0,0
307211000,"Scallops, live","265,398","106,083","168,576","52,494","261,379","87,641","262,352","84,282","261,204","80,734","181,266","52,403","121,788","38,985","273,647","81,093","60,032","20,025","248,837","66,012","142,344","44,845","87,843","29,490","2,334,666","744,087",0.08,0.11
307212000,"Scallops, fresh or chilled","100,835","101,581","39,793","52,678","59,409","70,781","36,596","38,650","23,146","24,597","5,100","3,500","1,400",600,"5,345","8,694","17,597","27,626","36,067","66,641","33,823","65,988","38,736","74,862","397,847","536,198",0.01,0.08
307291000,"Scallops, frozen","35,496","48,629","51,172","34,112","25,721","20,542","45,543","41,072","69,160","47,053","100,052","47,537","63,452","24,895","14,484","13,752","45,764","18,496","36,597","36,983","2,708",677,"47,484","39,540","537,633","373,288",0.02,0.05
307292000,"Scallops, dried, salted or in brine,","17,145","4,810","9,018","1,741","28,616","5,811","10,135","5,064","19,373","4,074","5,177","1,438",0,0,"13,614","2,559",60,15,"4,582",850,"6,825","1,300","6,510","1,240","121,055","28,902",0,0
307311000,"Mussels, live","5,535","3,075","5,226","2,825","10,340","4,745","15,995","6,178","21,969","19,810","25,430","11,988","5,998","3,283","7,837","4,035","6,308","3,300","10,088","5,075",0,0,"13,702","6,851","128,428","71,165",0,0.01
307391000,"Mussels, frozen","67,193","20,450",0,0,"88,457","24,000","7,736","5,139","114,460","29,224","11,176","24,951",0,0,"29,163","8,240",0,0,"65,232","16,072","25,077","6,504","37,669","10,802","446,163","145,382",0.02,0.02
307412000,"Cuttle fish and squid, fresh or chilled","24,794","14,214","2,318","1,337","13,782","6,832","59,087","27,806","13,340","7,020","3,756","2,104",0,0,"1,735","1,048","22,405","8,411","11,768","10,150","18,430","18,071","11,231","4,838","182,646","101,831",0.01,0.01
307491000,"Cuttle fish and squid, frozen","20,462,253","9,201,154","20,032,528","8,181,956","17,827,589","7,578,030","23,583,699","8,938,931","20,235,031","8,418,730","19,217,480","6,986,950","9,993,192","3,635,884","11,476,231","4,153,037","25,021,750","9,469,222","33,722,842","12,696,970","36,780,868","12,329,803","39,027,820","14,778,803","277,381,283","106,369,470",9.56,15.47
307492000,"Cuttlefish and squid, dried, salted or",0,0,"17,622","5,590",0,0,"8,078","10,026","1,529","1,529","1,305","1,305",0,0,0,0,0,0,0,0,189,20,0,0,"28,723","18,470",0,0
307493000,,0,0,0,0,0,0,0,0,0,0,"7,610",986,0,0,0,0,0,0,0,0,0,0,0,0,"7,610",986,0,0
307591000,"Octopus, frozen","4,579,805","1,305,816","5,372,323","1,381,824","5,756,018","1,507,033","6,020,969","1,655,865","6,095,494","1,536,521","5,117,052","1,344,017","1,942,783","518,972","3,614,476","912,574","3,553,050","823,142","3,746,505","949,471","3,341,341","796,637","3,787,768","919,525","52,927,584","13,651,397",1.83,1.98
307592000,"Octopus, dried, salted or in brine",0,0,0,0,0,0,0,0,0,0,0,0,0,0,0,0,0,0,0,0,0,0,"6,060","5,050","6,060","5,050",0,0
307601000,"Snails, other than sea snails, live","220,372","116,282","144,810","80,612","144,227","94,132","152,250","84,655","248,580","118,030","127,796","40,140","201,960","71,271","172,460","95,827","136,499","63,416","143,057","59,919","190,666","74,973","220,866","78,666","2,103,543","977,923",0.07,0.14
307602000,"Snails, other than sea snails, fresh,","58,997","46,554","187,541","110,795","279,121","131,364","565,380","235,551","659,537","223,542","423,734","191,826","466,811","135,892","462,876","104,875","399,333","89,823","426,548","123,276","100,123","36,158","372,456","108,423","4,402,457","1,538,079",0.15,0.22
307603000,"Snails, other than sea snails, dried,",0,0,0,0,0,0,0,0,0,0,0,0,0,0,0,0,0,0,0,0,"200,210","45,492",0,0,"200,210","45,492",0.01,0.01
307711000,"Clams, cockles and ark shells, live",0,0,0,0,37,9,0,0,0,0,0,0,0,0,1,1,"2,984",55,"1,817","1,082",803,231,8,2,"5,650","1,380",0,0
307712000,"Clams, cockles and ark shells, fresh or",460,200,0,0,"8,951","4,340",0,0,0,0,0,0,0,0,0,0,0,0,0,0,0,0,0,0,"9,411","4,540",0,0
307791000,"Clams, cockles and ark shells; frozen",0,0,0,0,0,0,"42,705","28,470",0,0,0,0,0,0,"5,183","12,957",0,0,0,0,0,0,"9,629","24,851","57,517","66,278",0,0.01
307811000,"Abalone (Haliotis spp), live",0,0,0,0,0,0,0,0,0,0,0,0,0,0,0,0,0,0,0,0,0,0,490,90,490,90,0,0
307891000,"Abalone (Haliotis spp); not live, fresh",0,0,90,36,0,0,0,0,0,0,"5,982",985,0,0,"3,000",300,0,0,0,0,0,0,0,0,"9,072","1,321",0,0
307892000,"Abalone (Haliotis spp); not live, fresh/",0,0,0,0,0,0,0,0,0,0,0,0,105,30,18,5,230,66,0,0,245,70,0,0,598,171,0,0
307911000,"Oth molluscs;incl flours, meals&pellets,","44,991","21,642","25,583","10,702","7,588",732,"9,886",920,"36,240","10,167","36,643","8,518","90,939","22,909","158,272","41,021","87,234","13,638","66,741","16,845","141,136","21,842","84,415","7,144","789,668","176,080",0.03,0.03
307912000,"Oth molluscs;incl flours, meals&pellets,",155,9,153,9,52,2,342,40,972,47,"1,172",36,593,36,502,38,480,41,442,54,420,58,285,36,"5,568",406,0,0
307991000,"Oth molluscs;incl flours, meals&pellets,","52,574","29,100","28,467","9,192","4,120","1,089",0,0,"16,481","3,888","2,520","2,520","26,084","10,152","2,502","5,003","47,657","25,975","17,015","17,196","42,620","54,221","14,190","18,140","254,230","176,476",0.01,0.03
307992000,,"1,480",37,0,0,0,0,0,0,0,0,0,0,0,0,0,0,0,0,0,0,"113,596","2,299","151,946","4,234","267,022","6,570",0.01,0
307999000,"Oth molluscs, for human consumption;","2,095","1,103","3,619","1,097","20,506","26,452","110,465",665,"15,468","2,077","8,824",186,"12,981",870,"18,325","1,143","13,813",336,"9,818","1,694","4,356",290,"42,875","67,007","263,145","102,920",0.01,0.01
308112000,"Sea cucumbers (Stichopus japonicus,",0,0,0,0,0,0,0,0,0,0,0,0,0,0,0,0,720,25,0,0,0,0,0,0,720,25,0,0
308191000,"Sea cucumbers (Stichopus japonicus,",0,0,0,0,0,0,"7,875","15,000",0,0,"38,129","4,955",0,0,"26,650","3,500",0,0,0,0,0,0,0,0,"72,654","23,455",0,0
308192000,"Sea cucumbers (Stichopus japonicus,","553,328","105,622","290,615","68,812","680,317","138,132","804,582","181,038","589,231","114,231","624,412","163,199","514,801","118,565","430,910","59,200","785,108","142,016","444,409","80,501","450,890","95,388","503,356","105,644","6,671,959","1,372,348",0.23,0.2
308211000,"Sea urchins (strongylo/paracentrotus,",218,57,666,79,650,71,"1,624",52,208,10,308,20,0,0,245,44,385,134,331,116,530,223,80,12,"5,245",818,0,0
308291000,"Sea urchins, frozen",0,0,0,0,53,3,0,0,0,0,0,0,0,0,0,0,0,0,0,0,0,0,0,0,53,3,0,0
308301000,"Jellyfish (Rhopilema spp.), live","22,891","3,365","18,769","2,394","25,695","2,643","18,673","3,835","17,951","3,516","26,520","4,096","13,850","1,912","11,198","2,345","14,852","2,049","36,137","6,000","24,255","3,584","27,909","2,810","258,700","38,549",0.01,0.01
308302000,"Jellyfish (Rhopilema spp.), fresh or","32,424","14,085","11,188","4,680","14,932","9,360","40,785","23,400","8,103","4,680",0,0,0,0,0,0,0,0,0,0,0,0,0,0,"107,432","56,205",0,0.01
308303000,"Jellyfish (Rhopilema spp.), frozen",0,0,0,0,0,0,0,0,0,0,"38,788","15,000",0,0,0,0,0,0,0,0,0,0,0,0,"38,788","15,000",0,0
308304000,"Jellyfish (Rhopilema spp.), dried,","404,418","669,760","387,654","186,350","1,178,663","1,275,272","235,478","102,098","264,876","217,627","764,107","698,080","437,208","499,707","648,722","271,320","170,059","72,901","150,167","141,875","224,935","323,415","49,610","30,600","4,915,897","4,489,005",0.17,0.65
308901000,Oth aquatic invertebrates oth than,"210,371","51,313","217,850","42,669","209,471","53,739","217,219","35,285","200,876","34,351","224,027","40,118","171,278","26,805","231,991","41,954","220,603","37,479","239,835","38,045","273,073","36,108","152,261","19,808","2,568,855","457,674",0.09,0.07
308902000,Oth aquatic invertebrates oth than,"4,776",303,"5,759",611,"7,922",556,"7,788",590,"10,423",702,"16,048",681,"5,177",639,"4,776","1,086","7,105",810,"3,944",420,"15,771",909,"6,035",492,"95,524","7,799",0,0
308903000,Oth aquatic invertebrates oth than,0,0,75,1,46,70,376,5,29,40,59,10,0,0,89,20,0,0,29,2,0,0,14,2,717,150,0,0
308904000,Oth aquatic invertebrates oth than,0,0,0,0,0,0,0,0,0,0,0,0,0,0,0,0,0,0,0,0,0,0,614,409,614,409,0,0
,TOTAL,"214,907,536","53,688,753","210,223,368","51,009,568","236,111,370","57,668,796","244,950,458","59,249,437","250,065,708","61,469,734","284,653,806","65,772,874","164,389,753","37,688,377","238,296,195","51,092,055","247,740,853","56,454,285","259,923,644","61,946,815","265,878,699","63,655,617","282,828,160","68,044,601","2,899,969,550","687,740,912",,
,,January Nil/Val (US $),January Brt/Wgt (kg),February Nil/Val (US $),February Brt/Wgt (kg),March Nil/Val (US $),March Brt/Wgt (kg),April Nil/Val (US $),April Brt/Wgt (kg),May Nil/Val (US $),May Brt/Wgt (kg),June Nil/Val (US $),June Brt/Wgt (kg),July Nil/Val (US $),July Brt/Wgt (kg),August Nil/Val (US $),August Brt/Wgt (kg),September Nil/Val (US $),September Brt/Wgt (kg),October Nil/Val (US $),October Brt/Wgt (kg),November Nil/Val (US $),November Brt/Wgt (kg),December Nil/Val (US $),December Brt/Wgt (kg),,,,
,,,,,,,,,,,,,,,,,,,,,,,,,,,,,
,Bulan,Nilai (US $),Berat (Kg),,,,,,,,,,,,,,,,,,,,,,,,,,
,Januari,"214,907,536",53688753,,,,,,,,,,,,,,,,,,,,,,,,,,
,Pebruari,210223368,51009568,,,,,,,,,,,,,,,,,,,,,,,,,,
,Maret,236111370,57668796,,,,,,,,,,,,,,,,,,,,,,,,,,
,April,244950458,59249437,,,,,,,,,,,,,,,,,,,,,,,,,,
,Mei,250065708,61469734,,,,,,,,,,,,,,,,,,,,,,,,,,
,Juni,284653806,65772874,,,,,,,,,,,,,,,,,,,,,,,,,,
,Juli,164389753,37688377,,,,,,,,,,,,,,,,,,,,,,,,,,
,Agustus,238296195,51092055,,,,,,,,,,,,,,,,,,,,,,,,,,
,Sepember,247740853,56454285,,,,,,,,,,,,,,,,,,,,,,,,,,
,Oktober,259923644,61946815,,,,,,,,,,,,,,,,,,,,,,,,,,
,November,265878699,63655617,,,,,,,,,,,,,,,,,,,,,,,,,,
,Desember,282828160,68044601,,,,,,,,,,,,,,,,,,,,,,,,,,
